WBRatio,OPC,PPC,DAYS,CO2,STRENGTH
0.44669485,266.65134,241.80138,34.106133,0.118665956,37.427876
0.457861,188.23091,249.35884,34.592575,0.10507755,41.906387
0.45138806,267.3587,236.35213,32.95748,0.10997214,38.23176
0.45695987,203.8922,243.68723,34.453194,0.09687702,39.777958
0.44695386,287.57834,213.33075,33.583973,0.11651324,41.189297
0.4537905,220.86436,249.45537,32.771698,0.09803047,39.78227
0.4337252,211.42563,234.26276,34.072376,0.099656984,42.89803
0.44764763,244.75516,237.97523,33.960377,0.114796445,41.07192
0.4474061,265.27008,233.39114,31.683264,0.1042494,39.686775
0.45311505,215.38577,256.94864,35.656322,0.10043673,38.88375
0.43698415,191.74474,259.67343,32.846912,0.09555983,39.779774
0.4490624,289.25415,304.66727,31.392822,0.09690965,39.550137
0.45133534,258.08066,261.74838,34.03109,0.11130665,38.20725
0.4423886,239.9853,266.45862,31.605854,0.09829949,40.67435
0.4350489,244.56212,234.19792,35.826645,0.10633679,42.6518
0.45038477,231.20006,216.17041,33.969296,0.09994335,38.1355
0.45830256,209.82687,228.59637,35.891888,0.103019044,38.468357
0.45084685,238.70161,267.13443,32.6687,0.103589036,40.24201
0.45085868,270.3997,241.9781,33.40492,0.10116235,42.41291
0.44338685,276.2606,279.61157,34.39632,0.11596169,40.655727
0.4413752,227.32864,266.078,32.553253,0.10257633,41.217815
0.4519176,227.6881,264.53552,31.63224,0.1105052,41.564774
0.447354,261.5084,279.40216,31.795427,0.10846102,37.165234
0.46448404,213.57388,265.09747,35.65123,0.114874385,39.93161
0.446591,223.40193,242.66528,35.305058,0.10662204,43.924973
0.44301635,278.51065,304.7433,34.539936,0.095287666,39.58363
0.44432148,233.89468,280.69925,34.39227,0.11076768,38.679592
0.4467361,207.62038,227.22318,33.128372,0.10598223,39.95437
0.459975,254.63516,230.33455,34.316658,0.12279246,39.928375
0.44433394,229.59576,243.79863,31.36422,0.10938676,40.745068
0.44334728,212.65892,276.1689,31.710161,0.096406326,41.90628
0.4509831,232.7821,275.3175,34.6235,0.10048206,41.73618
0.4496974,193.93091,295.52258,30.757246,0.100890085,39.102356
0.44064912,282.20306,271.85748,31.300507,0.104384944,39.53673
0.44173446,208.55682,259.0506,34.195786,0.09485819,39.293533
0.45700985,248.94286,279.52832,33.39086,0.0896172,38.69486
0.45835334,219.79315,228.02722,35.71195,0.10003345,41.358982
0.44097313,256.1847,255.82826,31.835392,0.09813242,40.794754
0.4377687,230.44733,263.55005,34.01996,0.09703092,41.180916
0.46567735,250.58365,227.12852,34.889103,0.11334286,37.6193
0.4416731,221.78043,274.00076,32.126472,0.09784028,41.640842
0.45495552,236.70624,267.4996,37.881413,0.109515786,40.015392
0.44996905,227.49496,265.12747,37.468254,0.10109131,40.438576
0.44965783,260.657,262.31985,33.619232,0.11355934,40.11332
0.44946346,257.61133,265.9954,33.1902,0.10654976,40.17949
0.44783288,218.43436,224.18758,32.513725,0.09983712,39.21832
0.456845,239.63608,243.97926,33.44668,0.109630525,37.500206
0.44290352,246.86711,256.43784,33.537407,0.09598221,41.612022
0.4411273,221.42981,210.1218,34.89658,0.11988108,40.27655
0.4461483,251.71793,239.92897,32.81326,0.10793571,39.647404
0.45943388,185.76843,271.07388,32.9766,0.09469614,37.367256
0.45129806,180.8124,243.07784,35.308666,0.08882772,40.279835
0.4533019,227.47295,261.01773,31.576906,0.112939194,39.281307
0.4401934,265.67465,265.6639,33.329914,0.103128865,45.365753
0.4571735,276.23743,262.91205,32.159424,0.10697331,39.12845
0.4495674,324.40002,283.961,33.60402,0.1111203,39.665337
0.44684458,222.75183,238.89476,33.020073,0.101940915,39.685318
0.44800544,225.34193,263.50177,32.830326,0.09655386,39.63126
0.43486562,232.04141,222.90813,33.669987,0.09895913,43.541725
0.45220715,238.53368,252.80368,37.064045,0.11279132,41.14035
0.44792333,300.89243,275.18488,31.662142,0.102358535,41.36708
0.44151774,245.1972,256.4757,32.361755,0.10416541,40.746372
0.4476828,253.45561,272.6149,32.17324,0.09091302,40.590473
0.4330271,233.81499,234.32921,36.89786,0.09286346,44.30609
0.45155787,246.86507,250.25099,32.695072,0.11267769,37.80859
0.4475387,268.9575,248.33665,33.672672,0.105414964,40.184563
0.4387483,234.4338,262.9128,31.813797,0.10649426,40.12698
0.4458162,253.61478,271.13156,33.33583,0.11130965,40.006752
0.4529756,236.96872,239.35179,30.48563,0.10529907,39.20514
0.44655928,252.21956,254.82272,31.250885,0.10020311,41.459473
0.4393065,243.48068,244.39244,31.142527,0.101970255,42.538498
0.45718408,208.75537,262.42584,32.055748,0.104202904,39.7689
0.43768376,255.50568,272.30966,33.61026,0.11049531,39.18916
0.45672503,251.89334,229.04373,32.589195,0.11058809,41.411804
0.4614362,185.82353,279.16556,32.71852,0.11120262,40.06215
0.45382196,237.45035,282.90494,33.93589,0.09213867,38.838802
0.45098123,252.87534,247.81866,35.72045,0.11915193,40.87553
0.44716316,202.74564,250.0816,34.16648,0.09474395,39.59033
0.44212118,179.93507,221.44081,34.49055,0.102098644,43.136448
0.42796174,243.09573,279.06323,31.69319,0.09990373,39.393692
0.44709048,283.17392,247.81554,32.213665,0.102840185,41.617943
0.4510166,216.00078,263.1127,32.57066,0.10051839,39.09658
0.4485159,276.3161,268.1451,33.500145,0.109045014,38.827297
0.45356268,247.98361,255.14087,33.117252,0.09338815,41.70846
0.44566384,230.86304,245.57765,33.28534,0.10861547,41.724148
0.44492427,269.11044,214.74086,31.573,0.11118539,42.57764
0.4442323,246.48405,224.68733,33.178543,0.10969132,40.849854
0.4526781,226.09387,232.8501,31.635962,0.105727576,38.060513
0.4425153,177.7442,213.4193,36.907604,0.10553572,40.74666
0.43408895,207.2719,215.52596,37.11634,0.12515672,39.282475
0.4548983,241.66933,234.48991,32.454212,0.09361024,38.801422
0.45694885,217.5381,261.6272,35.031693,0.11792989,39.505398
0.45381737,208.74316,240.06787,32.619854,0.10060127,39.491737
0.44050488,301.45645,309.1325,35.436195,0.10943395,41.50966
0.4406344,238.616,259.57428,32.042244,0.093645506,41.05858
0.4622129,188.60884,231.52339,37.743336,0.104953244,39.993988
0.43176204,199.00772,296.9029,32.88523,0.09090634,40.457226
0.4245716,224.9214,246.23396,31.504719,0.09103499,43.578205
0.44089875,229.5905,269.64432,32.38465,0.099662974,37.43539
0.4446753,226.97986,267.0454,33.601135,0.10218494,41.431297
0.4476295,257.7859,304.128,32.825397,0.087141,39.83783
0.44375294,221.8689,258.05377,32.82826,0.102721915,40.81818
0.42935854,261.70618,230.125,33.716927,0.10535403,42.407566
0.44009057,244.43813,298.80054,31.69293,0.09941649,38.3549
0.45421138,206.41049,208.88483,32.5848,0.109535754,40.363716
0.44428644,268.2963,282.5896,32.172592,0.11317344,39.64584
0.45332402,240.3835,221.61435,34.397938,0.10854807,38.17159
0.44439524,238.194,295.06308,33.764935,0.09801533,39.627556
0.42430457,223.23665,196.84218,33.152527,0.12703252,43.758785
0.44310397,272.16714,259.21332,32.96978,0.10352938,41.06973
0.43767515,273.7866,278.53183,33.795147,0.10775485,41.843834
0.44658956,241.28098,253.19272,31.694443,0.10581677,39.31734
0.4484083,234.40144,235.8588,34.827225,0.10680987,43.06177
0.43714294,203.38878,220.34183,31.794046,0.096296206,42.307938
0.45049056,232.7911,266.43597,32.88356,0.10979036,40.849464
0.45851907,191.66411,262.448,35.63958,0.10619421,37.00074
0.45384282,235.01643,254.20743,31.70296,0.1026123,38.97695
0.45372063,252.06482,258.9543,31.804533,0.10974741,40.22038
0.43577164,184.65622,299.70697,32.672283,0.0811026,41.239594
0.45352665,242.82515,237.54034,32.02674,0.11022873,38.85298
0.4496653,253.51471,246.21472,32.35656,0.09611501,43.30971
0.41447395,245.53839,322.46423,33.076263,0.092244886,42.40504
0.43806672,243.02809,268.80615,30.526894,0.10182331,40.50528
0.45432383,275.33246,279.31815,32.383934,0.10469262,38.99119
0.45413488,241.48291,246.72585,32.66658,0.10444331,38.68468
0.44891167,244.78363,255.34546,34.378437,0.12862274,40.381866
0.4440526,219.37505,281.9354,33.16557,0.106638655,42.07436
0.4503921,252.59149,258.31366,36.056305,0.1103917,40.143787
0.45108682,221.82234,253.57094,31.47485,0.10468632,39.811684
0.44398108,233.61977,232.30673,34.405666,0.100867584,44.316887
0.43421674,220.01578,272.8753,37.536915,0.10034162,39.87825
0.44902176,288.71506,235.42166,33.20879,0.11446458,42.592644
0.45927018,219.54015,250.02455,35.71544,0.11153629,41.05242
0.4450006,244.7105,230.70374,33.53265,0.10982635,41.16961
0.4455792,289.57397,269.58008,32.166912,0.10554676,38.933346
0.44954735,233.01141,245.64377,31.314484,0.114478745,42.276093
0.45696673,262.61682,229.19055,35.498344,0.11305326,38.883797
0.4417614,241.21092,256.4984,30.441828,0.09979338,40.454216
0.44612893,256.538,243.64426,31.10363,0.10567657,42.17045
0.44196478,262.15326,231.29451,33.010986,0.104591824,41.45056
0.44608635,238.37733,289.94434,32.93963,0.08695854,41.349415
0.45248586,252.73817,275.15942,34.622066,0.09860966,40.86298
0.44213033,244.40036,263.05347,32.043003,0.11529754,41.194912
0.44806552,268.96786,269.24988,32.830315,0.1001659,39.561966
0.46120682,282.7664,247.83525,32.899483,0.11050358,38.32953
0.44789734,230.87187,269.7067,32.803646,0.10024358,39.702984
0.4474308,266.00995,252.13498,32.123535,0.109085664,38.863888
0.44709748,205.85806,236.13194,35.197784,0.100908734,42.010708
0.44952917,244.36633,246.95108,33.914303,0.10476978,39.760582
0.45335674,257.7014,243.48045,34.58569,0.105616115,40.17415
0.4545816,242.88515,243.41635,30.163504,0.11148381,38.492474
0.45186386,221.65945,207.49341,32.8845,0.10811831,39.020176
0.44189134,253.06667,255.99342,31.94172,0.09135871,42.40577
0.4653278,214.92493,245.83049,32.645462,0.10275278,39.116493
0.44381794,259.9805,248.53021,31.393671,0.09734174,40.32659
0.44238725,209.86584,278.64117,33.308914,0.09018362,41.741932
0.44814593,264.57336,242.337,32.487675,0.10749169,39.732956
0.45078716,221.35565,274.8814,30.854582,0.11020317,39.738384
0.45266795,207.73743,239.07529,34.10903,0.100497745,38.84711
0.453345,239.93846,260.8043,33.02484,0.10405074,39.84926
0.4505437,295.35156,247.04874,31.189745,0.10301651,40.321568
0.45358005,190.29945,246.17212,34.969498,0.098369405,41.997746
0.44901887,227.78935,229.0108,34.53761,0.12021287,40.572277
0.44857413,225.53476,254.8019,33.26145,0.10224309,38.10606
0.4421497,209.17964,282.5283,33.3911,0.09406297,38.85277
0.45092487,193.41095,300.52637,32.25177,0.096478,38.572987
0.43963417,255.90915,236.25089,32.589878,0.10957807,41.318382
0.44522375,253.4766,248.3431,32.46255,0.10774231,38.580906
0.4438634,224.1407,274.74985,32.14369,0.104273535,39.708317
0.4476207,219.05365,205.58551,36.180843,0.0986117,38.113663
0.45668188,206.73924,245.92035,33.944233,0.102149464,43.114094
0.45694804,265.57455,244.82153,31.26507,0.11449919,38.345684
0.44599098,239.68921,263.68362,33.19852,0.105414346,39.3977
0.4386497,228.35065,254.96074,31.730362,0.100221775,39.59349
0.45387784,227.34746,250.57358,34.84849,0.09903065,40.308483
0.44956335,229.49677,228.67738,32.67531,0.09893261,38.260323
0.4476419,252.22787,261.24728,34.16756,0.0990547,39.366238
0.43862233,268.22345,273.1808,35.03666,0.104845665,41.736572
0.44524592,227.7951,277.96387,34.81107,0.1019932,41.95924
0.44887552,251.00111,251.88162,32.769386,0.10458301,41.375927
0.45440936,259.06372,254.23663,32.227467,0.1094512,38.06857
0.4434262,249.5426,223.92064,33.147552,0.10728613,39.62943
0.45163363,266.59738,255.4644,35.15188,0.10951389,40.05474
0.44691595,228.92935,291.92618,33.240356,0.102042295,38.98701
0.43135962,267.77103,280.1438,32.208298,0.103814796,39.475285
0.44558534,236.73071,251.1662,33.103226,0.10752119,41.214836
0.4313844,233.55128,283.9031,34.81881,0.0970678,39.90134
0.4563295,252.99269,249.0215,33.569756,0.104372166,38.531063
0.4436172,234.10013,240.81546,33.740154,0.10724954,39.82332
0.4464336,252.10774,243.40366,31.569353,0.10550749,39.207256
0.43864816,245.92438,290.2259,32.129364,0.1109365,39.619877
0.4537868,275.94275,247.2986,38.21373,0.12074788,42.35626
0.4457465,268.96524,251.2722,31.369917,0.09956253,42.542873
0.4507312,257.43387,253.98022,30.547466,0.11088631,37.771503
0.44535762,228.3442,239.67818,34.101444,0.09272086,41.23479
0.43906778,238.33633,255.66882,32.200283,0.09925394,41.166515
0.4380936,270.9216,255.41293,35.30331,0.101948656,43.48535
0.45049015,226.06853,259.4871,32.403255,0.10338086,42.00035
0.44625133,244.34508,259.93478,32.832268,0.09052564,42.16451
0.44118723,218.61559,219.60544,35.81036,0.1037884,40.237038
0.45311514,213.82677,276.01956,33.30199,0.09211961,38.26282
0.44801897,270.2811,260.40298,31.771738,0.09796972,41.05017
0.44780087,236.19211,260.62787,31.252024,0.106617615,41.71577
0.45507938,219.16428,247.5553,35.692497,0.111006215,42.497078
0.45182228,230.80482,253.32329,31.623972,0.10921558,42.178818
0.4469706,243.8197,257.7601,38.568428,0.109635904,42.39062
0.43151206,257.07285,300.40854,34.702118,0.10673907,39.08553
0.4403196,241.67162,262.76306,35.726135,0.10771821,40.9476
0.44568974,214.62721,233.23311,34.536037,0.10477336,40.496582
0.45474282,234.99959,269.6237,34.65187,0.10994979,40.68931
0.44159937,218.77942,266.50797,33.39457,0.09493469,40.328957
0.46293187,234.99254,245.90305,37.999763,0.118527316,39.88079
0.451821,238.23897,288.77765,32.22567,0.10449251,41.453148
0.44305915,247.87529,288.12402,31.745417,0.09033894,41.155148
0.45764,184.98447,241.62213,36.408592,0.09362263,42.394802
0.44726053,259.56656,223.23401,31.311195,0.11037419,41.96309
0.43263778,219.48805,289.86032,33.30331,0.094939694,42.092255
0.45095927,228.69485,232.08037,34.759438,0.10917737,43.64227
0.44323295,232.37857,197.9405,32.030205,0.103843644,38.306946
0.43422475,240.78229,247.17728,33.47521,0.10169685,41.32577
0.4425095,234.03899,204.79465,35.10207,0.105947755,41.779793
0.44683155,240.98047,255.3517,31.018978,0.10991458,41.086056
0.44736594,264.96222,218.62393,34.69429,0.101964094,44.009834
0.45214278,263.68262,249.96068,35.029854,0.111651346,38.265846
0.44304648,246.96289,267.42746,35.693058,0.10351914,39.09336
0.43483767,284.3668,250.69206,33.987026,0.104195476,44.727077
0.4466179,225.19409,259.93427,30.804482,0.10592599,41.561295
0.44767365,206.31543,268.37375,37.91104,0.09682797,40.902054
0.44979072,219.38782,260.17575,32.89713,0.10471239,41.83776
0.4461248,256.31744,247.60605,32.32688,0.10366459,40.022648
0.4373769,223.60355,253.54404,33.06318,0.0952209,41.951595
0.4506967,227.01018,258.3429,33.579353,0.09605376,40.353645
0.4404881,229.56677,217.79858,33.835484,0.10626985,40.32223
0.45618352,164.9801,246.1717,31.180962,0.10250392,39.632137
0.44675398,221.94446,222.76605,35.614708,0.10614119,39.521114
0.4526309,238.77269,253.54677,31.596952,0.101368524,40.264565
0.4452414,257.35712,279.0645,33.047543,0.1094826,38.067375
0.45086795,234.70438,228.42989,32.245163,0.10657569,40.358334
0.44835797,251.49155,235.67342,34.184372,0.11551757,37.24586
0.45974717,246.53271,222.51341,36.061718,0.123093784,37.74178
0.4487729,257.3641,257.59778,32.4135,0.116492495,37.538074
0.44990626,219.54286,254.06837,37.12247,0.10118504,43.36198
0.45141616,213.78012,239.86015,31.322702,0.1094543,39.67547
0.4396146,224.50067,219.59117,35.438763,0.10026811,39.289803
0.4585924,275.3354,277.41016,32.572826,0.113490626,40.58839
0.4519329,259.11734,239.34065,33.635704,0.118261516,38.9802
0.44827682,234.09747,274.40225,30.331364,0.10155127,38.64904
0.45268464,238.39163,273.60916,33.42119,0.10266726,39.471756
0.45277017,258.5653,257.62363,31.30981,0.11339092,40.34289
0.44838387,215.01253,213.98904,34.70004,0.105833076,40.189255
0.45389596,277.7837,237.91223,33.59412,0.118910216,42.596798
0.4559378,236.49248,256.04874,34.806026,0.108218886,38.987194
0.45239654,236.72166,258.8187,31.897305,0.10410564,39.410088
0.4336403,216.77081,300.7609,32.860386,0.104709186,41.260803
0.4636115,216.0576,269.8141,34.86917,0.10874965,39.747437
0.44223824,266.19614,255.56737,31.648981,0.10399443,40.138676
0.4335842,225.82733,273.70517,31.696955,0.0988795,40.76162
0.4488833,247.90833,246.1946,32.437958,0.10232496,39.855427
0.44722024,187.8088,249.52737,34.22481,0.09249806,41.721798
0.4414951,258.49628,251.47095,32.14491,0.1114404,44.276382
0.4563242,269.1112,284.74246,31.35185,0.10343661,39.902847
0.4517819,265.96396,285.2601,33.217236,0.09793137,38.564304
0.44437307,254.73082,226.38628,33.29341,0.10528548,39.50643
0.44575676,237.20859,236.46558,33.905792,0.10201786,37.238747
0.45480865,228.77406,249.12305,32.760555,0.11122346,38.91811
0.45875907,215.37448,255.48935,30.881102,0.10081367,40.488575
0.4479979,235.47882,278.31424,31.826906,0.09580304,41.181053
0.44999927,256.0695,249.12947,31.977142,0.1111753,39.5171
0.43237194,248.0199,278.62997,34.6164,0.098475866,41.317642
0.45985994,225.71515,227.0686,34.434113,0.103557184,39.934128
0.4573261,227.4901,221.4412,35.72011,0.115553856,38.280773
0.45552364,251.21266,235.71788,34.110584,0.112515904,38.653572
0.45157856,251.77834,254.66049,33.551052,0.11846657,39.001167
0.44574818,253.82498,242.84792,30.997972,0.10079087,38.755356
0.45480555,238.4657,271.83322,33.902924,0.10021837,39.068504
0.45051852,244.97575,243.33037,33.759,0.10517315,39.466045
0.43127388,287.13013,256.86963,32.60474,0.10515652,42.349915
0.44068915,213.68126,261.96457,37.58222,0.11426232,38.84123
0.45906,224.75346,201.49399,37.80794,0.110529445,39.57975
0.44898105,229.12067,260.60825,35.106205,0.10498581,37.70607
0.44441748,272.20123,229.40048,31.758072,0.10469167,44.37981
0.4510115,233.0815,236.35017,34.35886,0.09758802,41.894283
0.43853062,226.28435,308.3744,32.910507,0.09795543,38.60185
0.44371256,278.76038,268.70654,35.586067,0.10403252,41.459766
0.4526516,236.24715,256.00653,32.357677,0.108334444,40.958786
0.45546404,218.81848,244.59575,33.801834,0.10275547,40.41316
0.45305,236.5576,252.4405,33.890446,0.116140224,37.563274
0.45087776,228.97058,246.30522,31.825933,0.09634507,40.22867
0.44652104,260.2707,228.67813,31.921265,0.10542617,40.996853
0.44471318,239.7389,235.4545,33.347565,0.10843978,38.97006
0.4545672,226.95534,284.59668,33.153614,0.10807333,40.33217
0.44752258,208.23444,184.4804,38.9479,0.11458166,41.10789
0.45561385,225.36533,265.1157,36.946163,0.11866979,41.096115
0.43729973,215.2525,222.61496,36.38858,0.11678709,45.958412
0.4422679,259.70355,234.67679,33.256767,0.098031506,41.97823
0.44457358,252.56989,253.33792,30.098093,0.10648619,41.982414
0.4514554,222.0965,264.90616,35.18674,0.09261094,39.0671
0.4558611,204.35513,227.65407,35.616184,0.114755675,36.65897
0.45602685,248.16792,241.11499,35.144875,0.10700381,40.253334
0.45412105,223.76808,271.78967,33.353954,0.09239657,40.214775
0.44346794,225.12816,239.97705,32.6595,0.106212735,42.27888
0.44366258,193.81413,216.66867,35.38849,0.10329642,41.972855
0.45017785,268.42087,267.45715,31.60638,0.10521217,37.985012
0.45173866,250.60303,232.70479,36.291153,0.10369031,40.154495
0.45134974,263.85278,268.40045,35.088673,0.10964708,40.467804
0.4606777,209.2118,260.67303,32.28555,0.1024148,41.24713
0.45852542,209.83179,248.4917,35.57683,0.109917834,40.55402
0.43527374,211.52571,315.06055,33.464165,0.08200058,42.448242
0.45381704,225.7151,267.48508,35.53704,0.107968055,39.601677
0.45054063,241.72679,252.38657,30.996607,0.105544254,39.607594
0.44368201,251.31517,263.73935,33.89277,0.103346325,40.20903
0.448771,217.23476,248.96681,36.78809,0.10779798,40.54746
0.44148636,246.76672,256.6955,31.875076,0.10003791,39.938694
0.444122,271.38977,220.72562,32.722492,0.106813505,42.64294
0.43138948,226.68071,270.15143,33.10372,0.112427436,40.606236
0.44651723,198.55116,254.0432,37.523758,0.11110757,38.882763
0.44520587,221.30154,259.5288,33.863354,0.09696717,42.450535
0.45326042,233.04913,245.84567,33.654896,0.10464962,42.518227
0.43646494,242.32846,220.62444,33.358425,0.10636725,44.111015
0.4533878,218.71416,283.5971,31.017054,0.10318472,38.848007
0.45202413,222.58995,242.68379,36.175163,0.10516961,39.71705
0.4472815,208.9115,266.25476,35.877373,0.08728514,39.01814
0.44386497,233.74413,252.84145,31.640404,0.10369964,40.489765
0.45989862,265.90182,263.39114,33.624363,0.10887386,38.84448
0.4462203,228.2327,272.23016,35.0348,0.09839533,40.18181
0.43439168,226.22527,283.76056,35.708057,0.094276056,41.97668
0.4584588,207.64561,234.9863,34.14762,0.10201222,39.58823
0.44629765,270.4289,279.4473,32.074024,0.09815642,40.11399
0.439847,251.0305,261.93298,32.634953,0.10504858,40.458103
0.45598084,219.32852,252.5047,32.881374,0.10116134,40.353344
0.4440774,229.58914,287.27612,32.47732,0.094938144,39.606163
0.44728366,303.36725,259.7292,35.70093,0.10626032,44.13947
0.46069986,211.37857,264.97162,34.11532,0.10099524,39.483982
0.4430008,223.03009,257.59314,33.06017,0.095028736,41.41518
0.45472074,186.24718,256.7901,33.83753,0.099080056,38.458557
0.45423895,246.96234,231.08653,33.60135,0.109341934,38.78528
0.4384471,252.43146,235.48677,33.96219,0.10493858,39.576637
0.45128697,212.18379,233.53275,35.999287,0.101352885,41.23053
0.42878786,252.03615,268.3559,31.742506,0.100385845,40.197456
0.4601635,288.48172,282.92612,33.026184,0.11686615,38.791348
0.4524495,178.62845,235.97786,38.1853,0.101967975,40.430824
0.4540494,288.48618,263.28223,32.565094,0.105114385,40.60551
0.44502467,228.2344,230.1497,34.01774,0.0992714,41.48369
0.4392991,281.1812,224.42323,34.900475,0.11397191,43.366653
0.44965038,241.86172,267.4182,32.72816,0.1004024,39.942616
0.43920308,274.6988,263.17514,34.222332,0.10843821,38.209442
0.4479084,258.34723,260.66257,30.457031,0.105888166,41.23513
0.4466118,250.88132,249.71523,33.4071,0.10152288,41.83981
0.44290456,249.81029,266.49063,32.9314,0.118366025,41.243397
0.4571723,234.38683,231.21127,34.0103,0.10439788,37.585007
0.4524169,230.17883,266.3808,34.446453,0.107237145,39.109665
0.46138328,267.9754,246.3241,34.749752,0.115888976,41.264755
0.45653448,233.74535,262.08133,33.59037,0.10006072,39.764027
0.4521923,219.29492,254.80977,36.066868,0.10526403,38.0357
0.4527194,222.3216,265.6099,34.15003,0.0998644,38.958225
0.44014198,236.72517,260.36322,31.811092,0.100501224,45.710594
0.45355788,206.87003,271.11197,31.565268,0.107702,41.789978
0.43814787,216.9078,273.5544,33.091393,0.10971364,39.52681
0.44757995,260.28543,239.39072,32.558388,0.11749096,39.59876
0.45162168,238.89685,272.96872,33.78709,0.10229306,41.53826
0.4384736,275.81363,209.84673,31.221945,0.10917525,42.14446
0.44792852,253.34752,250.95589,32.25768,0.1051059,41.37163
0.45837694,229.83478,254.60843,34.659855,0.09784374,40.039623
0.4537035,211.43297,281.83908,30.694456,0.10278447,39.75036
0.45472798,239.34254,244.69597,34.003407,0.096104026,38.96944
0.44600016,244.46155,256.01605,32.486843,0.09995215,40.060246
0.4474648,271.09378,243.78647,31.720543,0.10945077,37.850002
0.45446682,210.22137,275.20822,32.91494,0.08959572,40.1653
0.45740256,261.95425,271.5878,35.513092,0.11644586,40.187836
0.44255215,209.30952,261.20496,32.694798,0.09651102,41.84226
0.44429564,196.1186,254.46057,31.22404,0.10308568,40.553047
0.44823352,207.36592,257.9344,35.508144,0.10509889,37.871845
0.4501052,234.17729,220.43544,35.42702,0.11932385,39.734547
0.45140037,250.9622,244.78815,32.69982,0.10358922,39.46776
0.4499573,256.12515,256.8424,32.558174,0.1082808,41.370533
0.45743075,208.0943,264.78836,34.187645,0.09848295,40.42962
0.45047212,278.7745,264.3577,33.909718,0.11743955,39.486897
0.45138144,276.63602,260.83426,33.603767,0.11171772,40.40471
0.45199817,257.805,243.46094,32.55616,0.106919214,42.950363
0.4504889,226.89883,242.41115,33.73511,0.098517425,38.227585
0.45092544,194.15584,280.2232,31.120426,0.114366196,38.113075
0.4461926,204.60957,280.59018,30.570673,0.108284175,43.476818
0.45222992,230.57289,226.40993,31.779036,0.102779865,38.164238
0.43343955,232.26599,258.13943,32.94602,0.09027437,42.37456
0.45999342,232.62527,251.91498,35.55267,0.1100513,38.66957
0.4525219,227.50995,273.99054,32.60365,0.1040272,39.956757
0.452566,278.15057,279.15567,31.18088,0.100899234,40.23096
0.4417358,223.08842,231.63141,32.769817,0.09729058,38.432323
0.4436477,282.1167,266.4882,31.951967,0.11252205,39.45002
0.45140547,258.17514,275.6634,32.3391,0.0912355,40.809822
0.45717764,224.57045,257.45273,32.50595,0.102112435,36.883392
0.45037523,227.9089,266.3684,33.294235,0.116508916,39.52874
0.4569827,283.86993,266.4326,31.971994,0.10976207,39.561035
0.45623463,220.56299,242.45631,34.80942,0.10916619,41.960575
0.45600572,262.19006,236.94452,32.524258,0.104106806,39.989887
0.44245163,272.23077,298.31512,34.296284,0.10922704,39.04341
0.46447426,204.23067,268.20035,33.958035,0.10385857,41.00351
0.44550496,243.08997,238.61833,32.659325,0.10500733,40.034153
0.44921988,240.98419,253.21498,31.50066,0.10557389,40.28321
0.45331708,225.57338,226.339,35.326046,0.11076418,39.893745
0.4356851,266.6636,303.87317,32.64741,0.1013761,40.86858
0.45577535,221.52554,247.44853,35.32253,0.100135386,38.3567
0.45902023,244.55852,258.35394,34.634655,0.10208251,40.542603
0.45705873,227.49188,222.76239,33.663628,0.10655193,41.746815
0.45694447,219.18254,230.74615,34.251686,0.106305875,39.95612
0.45290476,268.90088,261.18533,31.984137,0.10623326,38.340065
0.44453746,239.86978,258.34705,33.148716,0.097407304,39.04677
0.45006555,216.33768,250.9855,34.6805,0.095805846,40.013676
0.44307336,243.66833,255.22691,35.490147,0.12219276,37.390377
0.45187002,233.42537,258.33292,33.461395,0.10713842,39.286663
0.45552897,260.0332,265.83582,32.39904,0.114416584,40.05016
0.45696846,184.17027,244.07108,34.819157,0.102185465,36.053165
0.4475658,226.23099,274.93488,37.942017,0.10161545,43.639317
0.43994465,256.71576,236.66078,30.3718,0.11268953,44.642704
0.4513619,261.83975,250.73695,32.95503,0.103507206,40.83088
0.45449525,226.56953,249.49371,36.823143,0.09769865,41.906864
0.45621985,258.12656,252.949,32.230164,0.10156462,38.601933
0.45028648,226.54514,254.55946,31.794785,0.10004548,39.26212
0.4353395,220.27174,262.0712,33.6912,0.09306477,42.370316
0.45519695,212.82098,263.89963,34.43692,0.10184064,41.81267
0.43857557,202.115,229.41638,35.274075,0.09077916,44.15047
0.4400825,259.74847,298.64627,33.131207,0.10188494,39.870293
0.45350137,236.70853,272.08057,31.155987,0.10725806,40.608234
0.44693583,271.34222,258.84015,32.672855,0.11041474,44.2836
0.46150264,217.51138,263.61835,32.16091,0.108607315,39.074173
0.45373076,260.53897,265.2924,34.67357,0.1103362,40.03055
0.44593892,209.20287,246.28687,35.596172,0.09651664,42.078094
0.44362044,229.75757,259.74127,34.43662,0.10005345,39.660686
0.44998717,240.11217,263.6007,31.794153,0.106842175,40.57469
0.44829908,285.08633,282.82355,31.728136,0.11624434,38.71224
0.44249922,228.50287,214.3113,32.10534,0.10064824,40.381016
0.4449246,247.1441,281.80667,33.688625,0.09098538,39.260193
0.44409615,268.95135,236.27563,32.868587,0.10066104,40.726547
0.44180155,219.7302,220.26054,36.524345,0.10478707,43.71944
0.45209837,263.53766,268.50928,33.90822,0.09372532,39.429447
0.45098686,221.88016,230.05779,34.187878,0.09730404,41.356537
0.43859252,261.58148,273.29178,32.427666,0.0999187,39.13171
0.43588844,228.4042,273.3338,33.201954,0.09177394,39.9151
0.46010008,199.20192,264.8406,33.686073,0.09769915,39.081898
0.44180185,269.7532,249.43129,31.057545,0.102256104,42.391678
0.45236236,276.08594,245.60388,35.038643,0.11031383,37.569946
0.4530654,225.78229,255.1974,34.146114,0.098677024,39.294144
0.43915686,245.21234,271.75806,32.564285,0.097380124,39.468815
0.45997715,237.32626,231.78181,33.8082,0.110758044,38.54735
0.45650488,223.63693,252.67291,35.006935,0.10213208,40.76325
0.4434341,259.34027,262.3047,29.60414,0.10212195,44.40393
0.44838205,263.42047,283.76843,32.305332,0.102467105,38.605835
0.4421895,260.51035,243.21347,34.820736,0.09974596,42.707493
0.449365,289.69504,230.13797,32.345314,0.11303343,39.643826
0.4492963,278.18805,268.95715,35.233128,0.113552734,40.37203
0.45208105,199.73853,231.9638,34.415966,0.0939149,39.538334
0.44611758,251.50356,247.3722,34.25064,0.11209104,43.04908
0.44167122,291.7623,237.02063,31.233122,0.10779858,42.5143
0.42986017,231.92459,248.50247,35.10611,0.10421989,39.073917
0.4498958,191.66379,243.22955,33.963425,0.09530325,39.772263
0.4479826,236.4878,262.2627,32.913532,0.09395181,39.99096
0.44871432,210.87872,264.73306,32.51588,0.09730245,39.694363
0.45438933,255.38344,258.61676,35.683613,0.10954897,38.328205
0.44992313,245.52359,241.87245,34.335373,0.10729387,39.877865
0.44853377,231.00897,261.68716,30.05205,0.105635926,41.496704
0.44936937,274.23953,255.2095,33.125286,0.11496522,39.553833
0.45524526,285.42627,260.12668,32.896687,0.106821835,39.878418
0.45305791,241.45366,253.85115,35.496418,0.10930494,40.63824
0.45379296,212.75578,238.83182,36.277855,0.10337977,37.452847
0.4486475,276.34488,276.61127,33.22679,0.0995916,39.54674
0.44141287,239.2281,237.39893,35.044643,0.112450734,38.59274
0.45653597,220.71632,235.13261,32.932877,0.109096326,40.94939
0.44072205,233.5934,244.39163,33.531147,0.08923192,41.86921
0.44406968,234.16402,231.7593,34.270702,0.098749235,41.15884
0.43259525,212.33229,240.35501,35.430695,0.109641716,42.919525
0.44057623,227.00182,195.24872,35.005093,0.11039604,44.107166
0.46246785,225.03345,264.99832,33.528404,0.10832478,40.36083
0.45107478,222.68138,263.41473,33.738697,0.10061197,41.98641
0.45624343,234.17505,277.91022,32.306396,0.10599456,39.539333
0.45576096,247.7717,255.29033,33.98768,0.114055514,41.079166
0.4468677,249.7562,260.37247,31.27806,0.10649371,41.063988
0.45236167,263.2691,245.52275,32.753872,0.108855605,39.910095
0.44754043,241.41492,225.92754,33.47145,0.11094308,39.088608
0.46046895,229.2026,276.75467,32.475346,0.1061912,39.057964
0.45965952,214.9206,265.50345,33.25334,0.1041774,41.701214
0.4458726,230.14001,255.73903,30.322966,0.11325376,39.78321
0.4517696,219.39867,260.4031,34.28422,0.09208477,40.24231
0.45633778,196.68932,256.9815,36.268314,0.11346167,35.720234
0.44137892,233.60735,253.70401,31.13415,0.11201775,41.46842
0.44332662,238.60179,223.82172,33.73231,0.111485876,38.81415
0.44525442,259.9074,254.26758,34.867584,0.10943482,39.74872
0.4328465,255.85712,253.3353,32.275795,0.107383266,42.520927
0.4368063,270.21033,246.34666,32.403175,0.10737674,39.39632
0.45326266,263.0052,284.45465,33.011852,0.098119184,39.940712
0.43536097,265.76132,232.30817,32.673252,0.107669115,40.551662
0.45299944,248.54263,259.4587,33.014404,0.111016296,40.43095
0.4495383,233.30922,259.53513,32.805454,0.09186483,38.53381
0.44499993,219.6745,263.93222,32.13188,0.10039195,40.248222
0.44813123,225.48694,267.4277,32.463776,0.09896739,38.9826
0.45082584,225.35359,278.7246,33.033302,0.09673753,41.382282
0.44256282,251.96529,244.56747,33.843388,0.10774183,39.657356
0.45284757,224.57043,262.9327,33.132954,0.104597114,40.93146
0.44881997,238.29613,264.04147,32.92584,0.0993316,40.883118
0.4450472,208.73315,211.35602,35.218536,0.10729475,39.199013
0.44252267,252.22575,222.614,34.237183,0.11047186,40.18077
0.45658284,234.11401,236.72241,33.478466,0.10330518,37.634476
0.44027132,243.6303,239.08801,31.931158,0.10282262,39.88201
0.44551677,271.73932,284.79785,33.53985,0.106920816,38.51167
0.45275074,212.7161,259.46545,32.89662,0.098355316,39.673573
0.44075388,200.77042,261.34152,34.99855,0.0877336,41.17335
0.44551215,242.18015,288.59137,32.940857,0.09643404,38.15826
0.44129604,237.2704,318.27344,34.731594,0.10416818,40.313465
0.44587654,238.69165,235.11081,32.619476,0.10280819,40.565247
0.4486565,239.70517,267.31665,32.49012,0.108616985,41.86132
0.44898182,262.27286,249.21259,32.64533,0.10691185,37.855022
0.43547615,288.2247,250.45866,30.596033,0.09889137,43.306625
0.4397421,213.15318,193.69946,35.88929,0.11289899,36.7859
0.4426457,228.91452,276.3531,32.75656,0.10215877,40.629707
0.45103893,261.63425,248.22215,34.584084,0.103407666,39.677437
0.45265454,208.18378,249.0979,32.89221,0.10990925,42.69825
0.45874992,249.28346,255.06154,36.964283,0.11037288,37.48001
0.4401291,203.98096,241.22754,31.85665,0.099320404,40.858078
0.44860888,230.79178,272.15512,28.911304,0.10535202,39.779877
0.43603396,240.09764,285.18967,32.308697,0.09641052,41.025585
0.44268966,243.45166,216.50829,33.424225,0.104101256,41.16172
0.45476526,205.25024,219.37137,35.88271,0.09707247,38.594086
0.45340794,262.84085,239.89763,33.935318,0.10638871,38.24159
0.45460477,244.5255,262.04813,34.166054,0.11440952,37.050232
0.44157878,281.47717,257.13376,32.50847,0.10654525,40.4158
0.45749068,237.18471,237.22151,34.92062,0.1095346,40.33421
0.44693917,227.15343,250.1443,32.833332,0.097223945,41.431976
0.45551747,218.76793,265.47635,31.583384,0.1044693,41.259907
0.4494165,276.15845,254.8568,34.75363,0.11193838,40.0562
0.44811434,230.41173,278.08655,32.770794,0.09641273,39.64634
0.4513866,254.30602,232.84969,31.42112,0.111491956,39.12538
0.44211024,226.57901,247.59839,33.43867,0.108566806,37.30754
0.4382549,250.36133,266.29745,33.96786,0.09834448,42.892
0.43724036,281.53793,268.016,31.28533,0.10159252,39.08121
0.43024278,231.66348,264.09137,35.35208,0.1119884,39.198185
0.44575182,237.39655,264.1352,36.60468,0.11588605,39.86461
0.44642863,212.12752,257.56516,33.738213,0.09441798,41.979824
0.44352365,234.01549,249.3075,31.424671,0.1168973,40.116425
0.44341487,255.55783,246.33371,31.664553,0.10545237,41.29431
0.44966444,246.00713,236.87059,32.29623,0.10935128,40.69386
0.4339702,210.7417,261.58792,33.401814,0.09975776,41.050682
0.45724815,234.40186,236.59586,32.76233,0.10640637,38.240265
0.44515076,208.39835,182.71106,35.275845,0.10904135,42.970486
0.4393363,247.10571,267.04437,33.126286,0.10377417,40.77153
0.44322747,251.24637,216.27187,34.027855,0.11453414,38.436142
0.44862002,255.58012,248.90312,32.642345,0.10002067,38.57433
0.4464231,250.75299,240.0394,30.878119,0.1051866,40.347927
0.44613934,252.97147,222.08032,33.492313,0.11795161,37.70936
0.44026628,236.07303,219.63823,34.01411,0.10676565,40.615524
0.44193,220.50485,237.05872,31.496124,0.094362594,40.50804
0.4407665,221.16718,242.79686,30.773321,0.09600274,39.919342
0.44654545,210.23026,240.58687,34.691708,0.09614282,40.7388
0.44073185,197.99,219.45007,37.204365,0.11208534,38.756973
0.44187784,230.28047,262.47626,32.429596,0.105183914,42.269314
0.44692856,216.63327,277.74548,32.144356,0.10265577,38.690037
0.45704317,209.45985,278.39972,36.92756,0.10347706,40.84864
0.44644356,207.27087,296.27615,32.82999,0.110541366,38.829285
0.45041722,225.08298,287.68753,33.187473,0.10902524,40.50547
0.45340484,226.7645,245.82254,32.33798,0.11247897,38.853764
0.4472692,234.23782,243.8493,33.309345,0.09990871,39.85744
0.45131436,269.68402,278.76,33.147835,0.1048458,41.06507
0.44553846,222.95529,283.38818,30.84357,0.09910826,38.350887
0.44721478,215.8926,264.5115,32.85282,0.09581106,38.624157
0.4590726,282.18777,235.58171,32.08229,0.111929104,37.87865
0.4518763,255.20796,217.46141,31.778732,0.10685979,42.054874
0.45314908,224.87535,226.29999,33.958366,0.11074798,41.159626
0.45449996,259.03177,247.65953,33.169434,0.10125232,39.656982
0.4447617,228.49022,223.61168,34.58447,0.09959947,41.90207
0.44842178,239.8441,250.47284,32.233627,0.10196116,39.083878
0.45537725,269.67633,246.0915,32.01658,0.10525614,39.747093
0.45643663,227.52425,267.97443,32.452663,0.10878299,41.018017
0.4650053,188.91748,283.2082,33.65981,0.10470096,42.6806
0.45204267,243.7582,247.66698,34.289352,0.104891084,39.758316
0.44894361,236.4364,269.23682,31.953327,0.10093112,38.999813
0.45157304,207.85503,227.261,34.82028,0.1101202,41.9718
0.45690584,248.08038,242.83455,33.53749,0.10772035,39.616276
0.45638475,253.32147,257.92398,31.623869,0.1061364,40.268353
0.43992758,236.68034,267.62717,33.01404,0.09985854,41.272995
0.45058665,292.6592,256.36243,36.85827,0.11718819,40.23161
0.45062834,211.38562,260.9484,34.1524,0.105406925,38.081535
0.44615054,222.09015,248.91452,36.056816,0.097926356,41.510113
0.4529727,204.81638,271.90186,36.45931,0.10348334,39.246403
0.44917354,247.70828,233.00192,32.547512,0.10495093,41.09834
0.45481467,246.66667,272.99387,34.189133,0.109573916,39.916195
0.4435028,233.88977,240.77637,33.567142,0.1001034,42.73912
0.45188618,245.8976,250.19601,37.050167,0.0976003,40.956
0.4593405,219.55875,238.75398,38.15118,0.11892464,40.62203
0.44487205,258.7282,254.69936,30.817692,0.10377978,39.74278
0.4529353,209.663,274.09167,33.745193,0.103264764,40.918884
0.45438585,219.30597,245.21382,33.68543,0.10697214,40.907803
0.44791436,212.64558,269.25946,31.307886,0.11005738,39.819553
0.4509337,225.38037,277.53885,32.250996,0.09478697,38.44939
0.44468862,275.26636,229.21825,32.982143,0.11195563,41.90774
0.42968813,250.93173,262.90475,33.36826,0.113370135,39.04967
0.45419693,247.0954,232.03989,32.817825,0.10373823,39.246857
0.45337945,260.87476,260.7864,32.707657,0.10752292,40.451283
0.4372992,240.04103,219.94499,34.613003,0.10050237,42.030605
0.44810158,242.91467,239.91907,30.970936,0.105799995,39.911278
0.44794497,269.47104,234.22144,32.39431,0.10153389,43.180435
0.45174494,265.60098,269.05182,31.205875,0.10237143,39.440895
0.44806242,242.68694,258.2425,32.556366,0.10177771,39.68124
0.43222755,248.09735,274.7153,31.527815,0.103052855,40.34561
0.45756617,224.98508,237.2333,32.503227,0.09598329,39.074146
0.45237836,249.06233,264.08884,32.643806,0.10112536,39.746567
0.46425754,214.52808,268.71658,34.81344,0.11512597,40.423843
0.45776325,242.51884,246.90797,34.09512,0.11070281,39.000523
0.4445234,277.3553,277.3069,31.851158,0.11891468,36.663837
0.45278853,208.17593,206.72131,35.375202,0.10481636,42.095932
0.46468848,180.01994,261.17618,35.75462,0.09868421,44.04819
0.45039004,262.00708,255.46553,31.90245,0.10463109,41.083485
0.45058078,235.09433,227.72153,35.78998,0.11073253,40.936314
0.44206795,263.38977,239.51237,30.25913,0.100921705,41.910263
0.45528993,200.40187,277.2703,31.443283,0.10555699,36.837605
0.4393219,263.0013,264.33588,32.06626,0.10013618,38.177277
0.44500336,245.99348,235.53273,34.09756,0.116848156,37.87513
0.44591326,269.94293,240.92972,31.881632,0.10609269,40.011494
0.4571355,199.69601,213.25378,35.81847,0.102028385,37.754993
0.4435049,238.09906,246.60266,34.280422,0.0992964,37.54748
0.45521086,220.94589,235.85063,35.8612,0.10460997,37.72709
0.44007224,245.33986,208.91437,33.716927,0.1093625,45.550514
0.44811797,238.42982,254.82246,36.694454,0.10003557,43.38603
0.448628,241.42975,237.93578,34.05015,0.10702765,40.72055
0.4568913,177.1555,291.25638,35.637203,0.10196934,40.711582
0.4435032,215.49931,251.81908,33.256466,0.09526266,41.406063
0.45258212,185.01157,259.61047,31.416342,0.09677757,38.343113
0.44338542,256.14374,238.7329,32.69109,0.09611784,40.821712
0.44629788,241.70139,258.9457,33.528774,0.09896096,40.49063
0.4401464,237.95413,229.3694,33.685406,0.10468845,40.895203
0.46232972,204.85866,281.06845,32.531204,0.10921297,38.898964
0.44959193,274.19177,304.8515,32.858154,0.09700182,39.46339
0.4485089,252.5292,262.04214,32.2104,0.10265738,38.815197
0.45456594,265.0454,261.03085,32.553974,0.10755752,38.787933
0.4412412,193.20605,205.28754,36.07477,0.10214634,40.241978
0.44839603,214.07512,276.52588,32.111286,0.1065886,40.908787
0.44638672,218.09918,257.5039,35.275932,0.100722454,43.35941
0.44693637,243.72154,257.67917,32.244743,0.100170076,42.3754
0.43760592,263.66888,266.72906,31.065527,0.11179185,40.036457
0.45168757,206.49075,294.20914,33.699493,0.10242228,39.276917
0.44954172,254.28516,251.6475,32.52596,0.11055982,38.89888
0.45280346,213.28816,246.28008,35.160007,0.10096028,40.900208
0.44421166,259.45963,270.2924,31.691837,0.10182776,40.2825
0.44094795,210.77179,234.43486,33.952084,0.099220194,40.316086
0.44246325,244.90591,286.41742,31.870995,0.10144919,40.9798
0.45047387,228.3607,245.47012,32.666447,0.1208628,40.857582
0.44091,226.69365,275.4656,31.456327,0.0910912,41.23675
0.4413658,265.56885,231.49387,31.9397,0.11503255,39.998478
0.45167953,212.26198,249.06183,32.777233,0.104819894,38.55005
0.4534513,218.45833,269.7289,33.808605,0.0944155,39.20491
0.44798574,248.2291,239.03688,32.93274,0.09161267,42.045143
0.43460098,217.10126,259.9001,33.383064,0.0842316,42.855103
0.45183277,258.5416,251.0627,32.017265,0.10974157,39.421886
0.4499329,269.0854,244.76869,35.93533,0.10289095,40.079433
0.4498508,228.10114,207.20325,35.382076,0.11220141,39.74031
0.45563093,271.62177,253.97304,33.242344,0.1009378,40.637566
0.45808807,209.18303,240.75272,33.88736,0.10137503,41.272354
0.4546957,209.79333,223.40778,34.821148,0.104036495,38.619263
0.44341102,190.46645,276.07587,36.636036,0.09868558,39.220634
0.45320368,229.92068,262.84274,33.151955,0.10182957,40.74798
0.44928065,271.78683,250.76491,32.2131,0.10869429,40.041363
0.44311643,254.25801,243.65918,29.847666,0.10761149,43.589172
0.45207596,240.18257,268.99304,35.667347,0.117397524,40.15583
0.44652957,196.67285,244.9354,36.339203,0.09242755,42.30015
0.45269537,209.78532,243.21655,35.412006,0.09563697,40.131706
0.44801673,257.90756,253.95059,32.3632,0.1209631,40.390705
0.44160938,203.21558,207.53761,36.947495,0.10594742,43.413307
0.44072852,240.86255,270.46805,32.08593,0.10375197,40.268417
0.45127973,215.28474,251.5201,30.50883,0.09748054,37.734833
0.4496819,256.36847,243.90733,31.46017,0.11171293,37.378304
0.4474369,247.88594,219.55794,35.282303,0.10539691,38.89956
0.45424375,234.54956,255.81944,33.826576,0.10157933,39.87014
0.45815605,217.77708,265.03693,36.056244,0.10280037,40.73584
0.43550724,234.1347,221.74922,33.416508,0.10282238,43.128704
0.43515578,202.24518,271.28378,35.841785,0.08640864,45.90648
0.44280404,211.1289,269.00076,32.16147,0.10354968,41.13893
0.45255852,246.40254,254.85257,32.123165,0.105074,41.370537
0.4473619,302.39612,223.36908,33.400192,0.12088752,41.872566
0.4573759,219.04868,229.67625,33.87732,0.10470623,39.193493
0.4547437,216.87865,272.81702,30.995453,0.10301397,41.071842
0.449274,289.42783,271.56085,33.07453,0.10823588,40.988438
0.45186418,244.11534,263.32455,31.605347,0.10617767,38.412113
0.44849652,277.94772,227.69499,32.839603,0.110712394,39.597504
0.4475297,243.91003,254.31508,30.892307,0.112964295,41.805946
0.45327097,233.06699,252.1255,32.69158,0.09886759,40.805733
0.44537228,230.5737,231.14915,32.58205,0.10753961,40.454502
0.44919887,248.66534,265.41327,32.986233,0.10865042,40.988388
0.45490426,261.23816,255.85272,33.205616,0.10812249,42.57117
0.45626488,225.06093,241.77237,35.453747,0.10458666,41.34699
0.45409212,234.71193,266.64297,31.308744,0.10335046,38.26426
0.439056,245.89279,230.09346,32.723812,0.09440999,42.407333
0.44489527,266.09338,255.40012,32.32909,0.11583407,39.568913
0.4350725,251.52444,284.00427,36.12985,0.099896416,39.3281
0.43898764,226.84753,232.43857,34.106052,0.10145464,41.925186
0.44087705,250.37662,240.40681,32.08825,0.10550233,42.62218
0.44533268,235.20438,287.4994,36.563633,0.10658715,43.84302
0.45429865,238.13327,267.78918,31.84092,0.10833602,41.752117
0.4440413,245.68378,247.29022,34.694435,0.10727799,40.950638
0.44167018,266.15912,248.88158,32.991802,0.11364486,40.76566
0.44327754,270.72794,219.60686,31.413301,0.112493776,44.738873
0.43625283,248.41695,244.01132,31.692457,0.11631105,37.21706
0.44672078,234.6113,207.26804,35.892708,0.11528442,41.698162
0.44957528,247.50726,224.10486,34.489758,0.11500726,40.396927
0.45227712,209.31729,225.20908,37.11125,0.10752912,42.788574
0.44242018,229.04639,253.00366,34.232464,0.10565281,37.150753
0.4534809,256.6841,258.11917,31.931656,0.11369838,39.38034
0.45093805,238.19562,199.6493,37.42635,0.1164106,40.197174
0.44076142,225.30016,244.82109,31.711483,0.09812628,40.691544
0.43968448,226.22224,277.72504,32.534996,0.108623385,39.468277
0.45592427,221.61023,236.08836,32.653873,0.10738914,39.99914
0.45282555,271.99664,252.41676,33.65577,0.110940516,38.064213
0.45539385,176.13971,254.00275,36.76351,0.10004687,40.87381
0.45142847,240.38171,241.37184,33.47942,0.10437524,41.87858
0.45266995,194.57089,258.69333,33.01655,0.09599467,39.08711
0.44331273,220.7054,291.26804,31.833523,0.110479474,39.26465
0.4385017,243.73549,261.80078,32.496338,0.10074234,42.622074
0.44515616,269.6828,265.33432,32.684196,0.09592845,40.678383
0.43504205,235.16743,217.10631,36.136047,0.100659035,42.59686
0.4557591,250.41714,261.29794,35.391994,0.11053114,39.882137
0.4456429,231.57022,259.20532,32.64554,0.1081415,44.359497
0.4504525,230.67012,266.386,34.577908,0.09989195,40.461655
0.4426281,231.85516,228.14537,36.450512,0.10225389,41.224274
0.43732828,244.57481,242.50534,33.53893,0.10233686,41.49328
0.44950604,299.3321,268.52728,35.799915,0.109690525,39.73377
0.45659024,197.8332,262.35977,35.05975,0.098763056,42.15711
0.43149677,285.59924,291.34726,34.078953,0.091738805,39.971348
0.44562858,203.2314,262.98013,33.170334,0.090483606,40.331375
0.4386499,217.33995,287.54224,34.47361,0.09617146,45.0738
0.45023113,257.81686,261.2171,32.664375,0.111191414,39.57031
0.45094228,224.2347,285.50485,33.734848,0.09681991,39.04038
0.45493206,239.7589,243.01517,33.012836,0.10889144,39.804638
0.4480578,219.45776,238.68846,29.915115,0.09983129,41.457268
0.449469,208.89096,207.11221,36.08063,0.11557312,36.93479
0.444874,222.83287,222.12367,35.79688,0.10798267,40.513344
0.45236045,238.87573,235.43636,34.049404,0.10750405,38.102467
0.44625816,236.25008,253.82036,33.105698,0.11173011,38.42842
0.4568457,268.34363,251.06377,34.4627,0.1056185,40.090485
0.4518928,264.02927,236.7316,34.77375,0.104942456,40.440067
0.4484995,240.9053,254.44856,33.120922,0.09887997,38.820145
0.45583162,250.13911,240.51039,32.299934,0.10609778,38.90892
0.44947734,183.09319,246.52306,32.84453,0.10160432,42.39026
0.44840392,204.79353,252.3672,32.45851,0.098189026,42.865673
0.4473986,231.38153,239.8356,33.354095,0.092240125,42.35631
0.4305148,217.33829,266.8082,34.563713,0.10633936,41.4432
0.44359207,228.83832,262.74734,30.736856,0.111300126,42.446743
0.4519669,232.13527,241.9065,34.14591,0.11492872,41.943398
0.44227767,216.49632,270.35287,33.321922,0.10416444,44.284267
0.4415625,285.21628,279.5804,30.788616,0.105805054,42.66936
0.461567,227.2271,259.5452,33.0122,0.10882349,41.514465
0.44383526,257.65308,233.47871,35.112556,0.11036299,39.519516
0.4598158,216.63365,255.43356,35.421455,0.10117595,38.624855
0.44908094,214.55379,258.13495,34.094692,0.10536902,43.172226
0.4560582,244.08264,254.7261,33.342617,0.10069288,38.88049
0.44905305,253.12614,238.19052,34.13675,0.110323966,39.268738
0.44710702,239.66063,266.65817,33.242474,0.10091414,41.449944
0.4484226,243.58316,203.01315,34.503235,0.11996706,42.087055
0.44727746,239.92206,251.12825,33.672264,0.108320154,40.574207
0.4456486,264.38586,282.90884,33.221664,0.097048506,40.228004
0.45383018,209.00793,267.19403,31.422169,0.10634935,41.433624
0.4530058,215.71309,269.73325,33.848225,0.09373535,41.374283
0.44348812,260.97696,240.44159,32.98971,0.09926508,38.573162
0.44986677,215.13002,279.7612,29.531988,0.11148572,42.278156
0.4540564,249.93193,254.24117,31.947176,0.101067975,40.272907
0.4420576,230.21617,271.74667,33.30553,0.11147819,39.711723
0.45898867,225.73305,276.1302,32.8807,0.106530234,41.001373
0.4488353,226.86165,250.4965,31.242619,0.100835085,38.58345
0.4406709,219.97108,237.9184,34.444176,0.10400858,38.66077
0.44439292,255.32848,236.31316,31.754156,0.1077106,39.60304
0.44664788,210.58163,229.0681,40.762146,0.12821159,39.791
0.44615847,239.62155,235.88942,31.535152,0.10508058,39.347794
0.44692546,250.47505,251.36232,31.377556,0.10281511,39.477154
0.4500672,232.89365,237.9657,33.105698,0.1017134,42.567093
0.45389825,244.56961,255.66045,33.72333,0.10918285,41.29352
0.43457192,253.86191,233.28476,32.945602,0.093141556,44.649696
0.44696364,276.24094,269.80154,32.578976,0.10542431,40.61489
0.44602448,248.88011,267.86914,30.236994,0.10848735,40.92859
0.45164412,237.37048,252.8044,32.164875,0.104564145,41.894493
0.44887224,210.18604,237.99432,34.45278,0.095323935,41.314384
0.4473052,255.4341,250.95589,33.3619,0.11425207,42.73096
0.4456678,254.56464,267.81488,33.81107,0.10097869,39.982136
0.4508856,233.5696,258.90512,39.18986,0.11804998,39.917564
0.44524702,219.27359,285.4958,33.679115,0.08478133,39.676918
0.4566676,225.068,259.20374,32.23837,0.10605977,40.8116
0.45223397,230.05724,274.04385,33.793106,0.09134121,40.08914
0.41550532,286.14136,272.28702,32.93187,0.101793066,44.053177
0.45888296,237.8848,245.53998,34.37464,0.11273537,41.061047
0.43925327,213.2136,266.4613,34.684303,0.08085936,42.545563
0.44102922,226.54066,279.6622,32.044144,0.09671769,38.65163
0.4439631,255.14252,221.70784,34.906013,0.1180372,39.69305
0.44090167,237.12404,268.36246,33.451687,0.100234985,39.40924
0.4436403,266.83838,258.55368,34.208454,0.10143484,40.935226
0.44672164,239.5231,268.89163,36.214043,0.10238212,41.312637
0.44979244,230.69615,261.8238,33.11851,0.107950136,42.087402
0.4323267,247.76486,287.91766,32.667934,0.101989254,40.310184
0.44463128,194.4822,227.61848,35.859657,0.101608,45.872208
0.44494876,208.08267,261.50986,32.722015,0.092102714,41.0993
0.44772834,252.20883,258.65402,34.1651,0.104876205,41.07725
0.45776573,195.3434,240.21436,38.36147,0.10047404,42.009777
0.44756418,253.33273,236.99586,34.193092,0.11041834,39.02282
0.43159777,232.77504,294.0303,32.93003,0.095295,42.7937
0.44764644,233.95483,261.58524,34.013016,0.09137749,39.98045
0.45473737,269.85144,261.74826,32.71831,0.10730927,39.314754
0.44805393,254.15646,262.2609,32.94036,0.11174605,40.74585
0.4502797,296.94873,260.805,33.090683,0.10627389,40.84068
0.45755857,232.42813,250.47812,32.389233,0.10739186,36.928066
0.43328643,285.26077,224.06956,31.731197,0.10200198,45.291786
0.45208922,239.4931,251.3605,34.49577,0.10345086,41.437813
0.44192848,238.86546,256.80203,34.77115,0.100664854,40.45891
0.45079112,243.00308,230.81007,33.083492,0.11074928,37.484516
0.44649333,226.15231,257.46185,34.542706,0.08479433,41.054882
0.44739765,276.71674,230.53519,32.894676,0.10545154,41.512947
0.45109504,259.296,238.41911,31.563745,0.109050535,38.11548
0.45427942,188.18864,255.74487,32.07609,0.106805846,43.24537
0.44707122,275.2478,265.1603,31.496382,0.1029171,42.81744
0.4574275,238.69405,245.56697,30.256054,0.11460064,38.38708
0.44987983,274.2005,242.08548,31.241585,0.108195804,39.27207
0.45247468,214.45526,269.95703,34.61623,0.097495005,40.65644
0.4379297,234.45363,274.02383,33.250996,0.100973725,41.24944
0.45574903,221.03201,251.25098,31.99539,0.10319688,41.17776
0.45410436,260.93137,245.32045,33.549744,0.106365606,42.20539
0.46107587,197.02266,258.55087,35.098602,0.09947249,38.73481
0.44537482,249.35666,255.59335,31.922369,0.108756065,39.049458
0.44328612,268.69983,229.22102,32.24924,0.10797499,40.707695
0.4555893,235.09825,259.34204,32.67903,0.10011091,39.467453
0.447689,237.58603,262.13025,36.77428,0.10439682,43.393612
0.43926248,205.00377,224.87581,34.190346,0.104552075,42.66805
0.44817337,220.51817,245.28769,33.241047,0.102568604,39.81496
0.45793518,141.27077,293.93695,38.03735,0.085908234,41.677544
0.43794566,228.09372,232.07927,35.2278,0.11016265,42.855896
0.44245338,192.10358,244.72508,34.991684,0.09028434,42.384464
0.4494328,241.03104,254.35287,32.87529,0.11192484,39.37158
0.4463033,224.0589,217.01843,33.400322,0.111812234,39.72102
0.435975,232.86661,254.49312,35.849392,0.10252295,42.649704
0.45571643,271.20853,269.1539,33.676464,0.11631687,38.73249
0.4438528,256.1304,262.65424,31.539381,0.095614694,39.853905
0.44550785,246.96837,256.3014,32.421448,0.1125332,42.502926
0.4355235,238.99852,291.0274,30.646656,0.099453144,41.519016
0.4530767,224.47745,235.40645,32.10197,0.098008394,40.139988
0.44194332,219.04993,260.16586,31.854538,0.10276008,40.809307
0.45036784,221.04475,264.85336,37.022648,0.10412447,41.162643
0.4533855,220.85068,256.44733,31.373055,0.11141179,39.46465
0.4476269,255.63255,223.96904,33.399494,0.10942227,42.509315
0.44929868,259.47925,176.55702,36.491867,0.11080225,44.440193
0.42404732,273.41144,297.78995,33.672066,0.09481333,41.701122
0.45561257,240.84644,255.28943,36.969276,0.11940539,42.508404
0.4475809,242.38628,225.70126,34.204338,0.092889875,42.431644
0.4363883,211.98474,269.33258,32.7341,0.09612689,41.64514
0.44584084,242.58731,235.09348,33.867447,0.09859674,42.540646
0.45068422,230.01529,253.02052,32.817074,0.10753851,42.624245
0.45025307,226.35847,265.54037,30.474112,0.112527564,39.915977
0.4487752,235.41495,257.34662,31.495888,0.10092963,38.8553
0.4416495,262.58893,247.74492,37.35179,0.11644759,43.68031
0.45718893,241.67912,253.76924,31.778545,0.102932945,38.20933
0.44512397,233.65953,246.52094,38.66252,0.11274351,45.021538
0.45500883,209.51648,269.03528,30.738295,0.1128633,43.988937
0.44459003,251.40083,291.65436,32.73731,0.10385541,39.313522
0.44907665,248.49097,227.02568,32.186947,0.10965459,38.701256
0.45073995,239.8901,248.99588,31.770613,0.11298285,34.919567
0.4456788,216.42241,254.74579,33.496674,0.092135966,41.48654
0.45106918,257.1578,262.01825,33.913445,0.113682196,39.42175
0.45542106,202.33153,241.53027,38.593937,0.10473102,39.660088
0.44929275,238.74283,248.27284,31.854084,0.10090198,40.14875
0.45387918,197.3483,246.47124,33.488773,0.098602675,38.892063
0.4502043,243.10902,269.54465,32.95256,0.10812607,41.718933
0.44445658,233.01627,267.31985,32.401413,0.09958068,39.95452
0.44854593,146.82307,272.48776,37.080875,0.08479126,44.966774
0.43779373,236.67755,214.62953,32.083775,0.10438295,40.952385
0.4466323,256.69772,250.15074,32.213783,0.09765088,43.620712
0.44551325,205.39952,255.2954,32.159973,0.10070579,40.326534
0.44868207,258.4349,278.12982,33.585415,0.09716478,38.62308
0.45702568,234.75612,261.5074,31.749395,0.11102323,41.176163
0.44538411,235.30292,242.3947,32.7756,0.10761996,37.870243
0.44316643,208.76071,267.71844,32.054516,0.10319791,39.27473
0.44538513,265.3591,232.00536,33.191116,0.10082947,41.271923
0.4458413,221.06743,253.82584,36.371742,0.10953454,38.116222
0.44806013,219.57417,271.792,32.671085,0.09688279,38.76417
0.4533437,168.00467,286.04294,32.513474,0.09123841,39.448124
0.4443198,241.68315,228.67761,33.356857,0.10247016,41.87415
0.4477148,243.78171,271.6936,31.232677,0.09318454,40.574387
0.43230596,202.98483,238.09094,37.45563,0.103728436,45.936974
0.45749283,236.12045,280.96414,34.591465,0.10317848,40.587494
0.4515471,227.48727,214.65846,32.690308,0.106838785,39.416496
0.43074894,207.16423,258.8257,34.098633,0.078373805,42.626686
0.45010504,235.70982,259.12244,32.427753,0.09123515,40.92366
0.4486794,229.88039,242.56757,34.203342,0.10304302,39.92255
0.45040703,219.11919,275.22968,31.5928,0.104764745,39.117836
0.4489469,238.10724,227.6821,32.29188,0.10331632,40.930202
0.43482733,249.13744,285.59003,33.427837,0.09262626,39.77608
0.43834773,265.5876,245.15323,33.2574,0.11052342,40.379528
0.44265777,250.4732,239.72647,35.975235,0.09881257,41.585064
0.44139442,201.47758,261.50006,34.349667,0.086828254,42.06347
0.44170165,228.80391,223.38145,33.739285,0.101898864,42.46181
0.4477532,240.38281,220.78932,32.83644,0.10288815,39.440144
0.44111317,235.12128,269.2358,33.841984,0.09899713,40.257328
0.44019923,204.19275,279.07056,32.81657,0.09123193,40.367775
0.4489161,239.59488,268.20758,32.669437,0.11277276,39.70954
0.45649457,235.3519,242.57744,31.020506,0.1064188,38.81081
0.45176387,253.05783,241.4809,32.033287,0.107517436,43.058475
0.4445305,241.69868,256.2391,30.9047,0.10391717,41.123425
0.4435112,210.84563,204.93996,32.67448,0.10397203,44.380386
0.43684,189.14069,225.71242,33.959015,0.09165315,44.120907
0.4585971,225.60127,213.75832,37.018547,0.11940942,39.248405
0.4553677,245.53264,253.70413,32.409107,0.11290133,39.583557
0.4504025,247.61702,254.90189,32.3803,0.111744665,41.82617
0.4546484,306.7535,262.85345,34.431255,0.11308126,38.944843
0.44568148,232.0624,236.64754,33.995243,0.112379335,39.186687
0.43530837,183.2516,275.80624,35.879887,0.09586814,40.87103
0.44195324,242.96075,235.12198,30.038208,0.118020035,41.929237
0.4451068,243.59679,264.5557,32.808685,0.096490145,39.36895
0.43915862,263.45358,276.01743,32.157066,0.08962312,44.44003
0.44932055,228.20447,247.48798,30.367744,0.105208755,39.14291
0.44661912,228.5846,239.74486,33.472183,0.114680864,39.96429
0.45051113,286.584,259.16046,32.159843,0.10531268,40.86888
0.45179892,256.7848,218.48152,32.58615,0.11524435,36.930523
0.43615228,246.4985,284.04028,31.371574,0.10786009,41.004128
0.44700846,236.00897,270.24686,33.977615,0.09426163,39.730873
0.45450124,187.03659,242.79091,33.131813,0.09119065,39.947285
0.4520606,233.73694,260.976,30.068726,0.109558046,37.63881
0.44950423,215.34763,221.09607,33.76956,0.10330065,39.157753
0.43960294,280.52148,253.68594,32.925735,0.11192695,40.230366
0.43384248,206.17986,300.37488,35.622032,0.08899973,42.570427
0.4599909,222.75475,243.7298,33.131718,0.10845158,37.69472
0.4521091,195.9682,266.76874,32.701794,0.09639727,39.810455
0.44654745,279.90616,282.8822,33.759907,0.10016394,40.854294
0.4588217,207.50473,271.0296,33.314754,0.09872268,40.183903
0.44292468,175.56454,241.50671,36.39198,0.09942257,38.40402
0.4449671,240.6389,236.47527,34.175484,0.120146155,35.97155
0.44769302,276.52618,227.77457,33.830788,0.106579676,40.384113
0.45487347,237.63464,255.40768,34.169212,0.10263654,40.655224
0.44722718,203.0439,251.34966,35.71696,0.1041687,41.237984
0.44076833,223.9046,247.46974,33.503643,0.102138594,40.578697
0.43909773,204.98878,234.47578,34.694057,0.10617161,43.68237
0.4463387,274.05386,262.87485,32.055332,0.10464515,38.18653
0.45813626,210.7832,256.65988,35.49307,0.09726313,40.17569
0.44937634,250.15349,253.87079,36.068142,0.118792415,35.326332
0.44993234,259.64798,213.13423,33.984123,0.110605024,41.216568
0.45026296,230.86592,233.3267,34.055775,0.10881455,37.47795
0.44111434,262.92896,247.36414,31.445084,0.10103102,41.19474
0.45320997,285.8749,280.79022,34.11519,0.108369544,40.93128
0.45098338,189.69705,247.44218,37.533794,0.09807861,42.816105
0.46329278,224.554,283.84973,36.951363,0.115469456,40.177895
0.44706565,249.34045,267.0995,32.53213,0.10300932,38.503807
0.45295867,219.28038,252.23631,34.010242,0.100171424,39.82818
0.4419168,211.52661,221.02805,32.40328,0.10768616,37.139446
0.4395934,256.2274,254.30054,31.697691,0.10632392,39.522827
0.44992042,251.46138,261.0957,30.716866,0.10473423,39.708622
0.4458138,208.43231,237.67172,33.089382,0.109095946,41.190254
0.45159397,239.85474,246.05806,33.049297,0.09807174,43.388412
0.45726204,223.11818,248.69244,32.427753,0.10192778,39.622864
0.4538774,216.77353,254.4309,33.102238,0.10411964,41.768147
0.4497818,263.97104,296.75513,33.74859,0.105791666,39.79369
0.45094714,233.2857,263.12537,33.740997,0.09517868,40.297607
0.4299069,223.33253,311.30832,34.31284,0.08957532,46.669273
0.45648393,233.92912,245.99832,31.613642,0.10770836,38.251553
0.45803246,203.02211,251.55774,33.84654,0.099180736,40.165104
0.44909292,266.46298,251.30362,32.023922,0.10478179,39.747135
0.45045966,251.25334,242.63719,33.483154,0.09877901,43.327213
0.44575292,244.29602,271.27518,33.089397,0.1038306,38.396652
0.46046194,233.66058,245.04173,33.536266,0.107224606,39.636284
0.44822034,253.64429,243.12817,33.663734,0.10351,41.222603
0.43620318,250.62454,281.40253,32.650043,0.09238046,39.498642
0.45344052,218.12747,217.2082,33.259468,0.11026032,39.878086
0.43426985,210.4494,264.1837,34.075947,0.0972291,39.804916
0.45876098,260.6659,271.35022,31.148108,0.11705215,39.98524
0.459944,202.46658,250.5591,35.804226,0.09808369,42.225964
0.44958076,236.80199,269.15823,34.312405,0.0939412,42.541782
0.44804984,197.69434,279.5742,36.697838,0.10012327,39.326668
0.44630203,219.75127,225.77296,31.376272,0.10002424,40.839382
0.4558839,246.45898,257.0179,34.192917,0.11196463,38.96699
0.45067686,244.29239,224.09958,34.044395,0.101289466,39.11859
0.45072502,261.8664,262.54773,32.8534,0.09451483,40.399864
0.4348051,249.92393,242.83125,33.856583,0.11224495,41.15237
0.45386705,231.30882,269.90695,31.778687,0.10450481,40.4669
0.4618399,261.54828,246.36717,33.37322,0.11267805,38.840843
0.4494706,238.28868,226.39966,32.184307,0.105140075,38.92927
0.4497981,234.1689,250.66954,30.07407,0.10671501,39.023148
0.44803157,254.2944,268.38116,36.062565,0.11136725,38.95355
0.44191676,242.96652,258.45682,31.34763,0.10399558,41.755127
0.44948712,220.25742,239.86269,32.66759,0.09903072,39.9655
0.44425678,212.01028,248.1288,33.382427,0.099451706,43.635544
0.44378448,223.70924,228.86967,33.343746,0.108433366,42.401363
0.43879423,155.29733,241.58096,39.10718,0.09598782,43.37702
0.45114493,216.65848,240.50063,32.822727,0.09070258,41.50223
0.4438545,231.48378,262.74973,32.88738,0.10898503,40.63407
0.45069093,229.64395,261.67123,30.331188,0.10775404,39.224186
0.45091358,243.73665,270.05048,33.03003,0.10806106,40.42997
0.44055358,195.4642,297.48846,34.700752,0.10284088,38.555695
0.45077404,225.15628,243.45009,31.824837,0.10205431,39.346436
0.45890778,234.4798,261.36786,33.606335,0.10412438,39.615055
0.4543844,240.94049,273.91443,34.011837,0.10597892,39.471344
0.45205173,222.84935,266.46506,31.961412,0.10954709,39.018692
0.44674787,241.96594,269.4175,33.040916,0.10267191,41.71369
0.4429292,218.00812,285.8095,34.524555,0.09512657,39.832237
0.44871974,243.80519,273.87656,32.567657,0.10235663,39.51274
0.4434597,233.03976,219.99054,32.29872,0.11442491,39.51257
0.45046836,222.45815,266.09857,32.06601,0.10560043,40.005676
0.4506042,243.10968,243.56726,34.417465,0.10197648,39.344616
0.43803102,234.73451,241.48792,34.83132,0.10132389,44.250294
0.45007747,251.40562,257.70456,34.964897,0.10311575,39.42244
0.45173138,251.67221,230.76971,32.30404,0.10296335,39.883366
0.4538444,271.87378,238.8106,33.961903,0.11387305,44.170204
0.44493595,212.94078,215.16673,37.278683,0.10304999,38.70424
0.4529016,268.1194,247.81789,32.650204,0.10446823,40.23304
